"","SepalLengthCm","SepalWidthCm","PetalLengthCm","PetalWidthCm"
"SepalLengthCm",0,36.1792758357599,28.9542742958617,57.1913454991225
"SepalWidthCm",36.1792758357599,0,25.7338298743114,25.8125938254953
"PetalLengthCm",28.9542742958617,25.7338298743114,0,33.8727028741434
"PetalWidthCm",57.1913454991225,25.8125938254953,33.8727028741434,0
